地址,名称,类型,字节序,倍率,单位,读写,最小,最大,枚举
40001,二次供水温度,FLOAT32,CDAB,1,℃,R,,,
40003,二次回水温度,FLOAT32,CDAB,1,℃,R,,,
40005,二次温差,INT16,AB,0.1,℃,R,,,
40006,状态字,UINT16,AB,1,,R,,,
40007,瞬时流量,FLOAT32,CDAB,1,m³/h,R,,,
40009,热功率,FLOAT32,CDAB,1,kW,R,,,
40011,累计热量,UINT32,CDAB,1,kWh,R,,,
40013,累计流量,UINT32,CDAB,0.01,m³,R,,,
40015,循环泵频率,UINT16,AB,0.01,Hz,R,,,
40016,调节阀开度,UINT16,AB,0.1,%,R,,,
40017,一次供水压力,INT16,AB,0.01,MPa,R,,,
40018,二次供水压力,INT16,AB,0.01,MPa,R,,,
40019,补水泵状态,UINT16,AB,1,,R,,,0=停止;1=运行
40020,故障代码,UINT16,AB,1,,R,,,0=无故障
40347,温差设定,FLOAT32,CDAB,1,℃,RW,5,25,
40349,供水温度设定,FLOAT32,CDAB,1,℃,RW,30,70,
40351,泵频率上限,UINT16,AB,0.01,Hz,RW,20,50,
40352,阀门手动开度,UINT16,AB,0.1,%,RW,0,100,
40353,运行模式,UINT16,AB,1,,RW,0,1,0=手动;1=自动
40354,控制权,UINT16,AB,1,,R,,,0=本地;1=远程
40601,室外温度,FLOAT32,CDAB,1,℃,R,,,
40603,室外湿度,UINT16,AB,0.1,%RH,R,,,
40604,气象站通讯,UINT16,AB,1,,R,,,0=中断;1=正常
